UniqueID,Probability1
6533,0.02060242999619334
6534,0.050557063980214645
6535,0.8179702275936181
6536,0.30689199335170525
6537,0.09128028586074349
6538,0.8706686614413485
6539,0.8039216550126913
6540,0.13983450818070814
6541,0.2325038223954875
6542,0.02060242999619334
6543,0.030216651041773027
6544,0.6414644432173195
6545,0.02060242999619334
6546,0.022784466777683966
6547,0.0174159879896179
6548,0.9339754500241749
6549,0.8706686614413485
6550,0.17647057679756736
6551,0.2304754480488277
6552,0.10552269422313186
6553,0.044064603033424805
6554,0.028977321404828126
6555,0.8371637916733976
6556,0.02168353146553297
6557,0.02060242999619334
6558,0.9159477423384605
6559,0.02060242999619334
6560,0.8032848826509069
6561,0.6450298808795047
6562,0.02060242999619334
6563,0.02060242999619334
6564,0.028919168062699892
6565,0.034244857161924096
6566,0.028977321404828126
6567,0.11654544535598281
6568,0.8002031004360254
6569,0.7313324252373277
6570,0.02060242999619334
6571,0.08232595054551373
6572,0.5389738541601561
6573,0.9283483500552779
6574,0.8706686614413485
6575,0.03216709979524654
6576,0.6232797918439275
6577,0.0174159879896179
6578,0.02060242999619334
6579,0.03216709979524654
6580,0.02060242999619334
6581,0.7280788713525159
6582,0.03738794649511523
6583,0.02060242999619334
6584,0.187313054646163
6585,0.044064603033424805
6586,0.044064603033424805
6587,0.1861516587722061
6588,0.0174159879896179
6589,0.017670996970890425
6590,0.17647057679756736
6591,0.8480940923741435
6592,0.02060242999619334
6593,0.02060242999619334
6594,0.03216709979524654
6595,0.029573426307967374
6596,0.02060242999619334
6597,0.02060242999619334
6598,0.02060242999619334
6599,0.0174159879896179
6600,0.7546329642121564
6601,0.43311093733195294
6602,0.017670996970890425
6603,0.0174159879896179
6604,0.028977321404828126
6605,0.17647057679756736
6606,0.7313324252373277
6607,0.02060242999619334
6608,0.7977840294865414
6609,0.8959374756899345
6610,0.0174159879896179
6611,0.044064603033424805
6612,0.24092844733890803
6613,0.02060242999619334
6614,0.044064603033424805
6615,0.02060242999619334
6616,0.12012469136238418
6617,0.10978895831272062
6618,0.028977321404828126
6619,0.1853643859688653
6620,0.028977321404828126
6621,0.22541011288226886
6622,0.10405808366098072
6623,0.02168353146553297
6624,0.0503334672316922
6625,0.11654544535598281
6626,0.02060242999619334
6627,0.02168353146553297
6628,0.02060242999619334
6629,0.04794477546072736
6630,0.02060242999619334
6631,0.07313531626947585
6632,0.17647057679756736
6633,0.6487594714031235
6634,0.02060242999619334
6635,0.13983450818070814
6636,0.17647057679756736
6637,0.1362391265347858
6638,0.17647057679756736
6639,0.07624984628137417
6640,0.11654544535598281
6641,0.17647057679756736
6642,0.3757328059730701
6643,0.17647057679756736
6644,0.187313054646163
6645,0.1853643859688653
6646,0.12235890392370895
6647,0.07313531626947585
6648,0.15294157238451292
6649,0.2254220262734417
6650,0.7517759282473062
6651,0.02060242999619334
6652,0.02638945048649087
6653,0.038881390139386775
6654,0.025704578114166703
6655,0.12635395933072996
6656,0.028977321404828126
6657,0.02967867553478798
6658,0.6289097028356285
6659,0.028977321404828126
6660,0.4585748033000682
6661,0.0174159879896179
6662,0.02060242999619334
6663,0.02060242999619334
6664,0.893405262736552
6665,0.35207644926127707
6666,0.02060242999619334
6667,0.04730523978645606
6668,0.03216709979524654
6669,0.025704578114166703
6670,0.7942864952485323
6671,0.8520240618017015
6672,0.02060242999619334
6673,0.0888443341470383
6674,0.044064603033424805
6675,0.018748052791425614
6676,0.02060242999619334
6677,0.02060242999619334
6678,0.03738794649511523
6679,0.02168353146553297
6680,0.7313324252373277
6681,0.03216709979524654
6682,0.19897105449309216
6683,0.04581205010285046
6684,0.3643243434170612
6685,0.02060242999619334
6686,0.02168353146553297
6687,0.028977321404828126
6688,0.8866290493844283
6689,0.018333012511197965
6690,0.02060242999619334
6691,0.21918950190854042
6692,0.2603346252328199
6693,0.017670996970890425
6694,0.8002031004360254
6695,0.31881433742590976
6696,0.0174159879896179
6697,0.5881101344959929
6698,0.02060242999619334
6699,0.02060242999619334
6700,0.02060242999619334
6701,0.2118645808217681
6702,0.02060242999619334
6703,0.044064603033424805
6704,0.16160895119715873
6705,0.10978895831272062
6706,0.02060242999619334
6707,0.17647057679756736
6708,0.04233080837338106
6709,0.02215758625463024
6710,0.02060242999619334
6711,0.13168595616400883
6712,0.02998576825245606
6713,0.04910545432684604
6714,0.17647057679756736
6715,0.04581205010285046
6716,0.02060242999619334
6717,0.02060242999619334
6718,0.1066787335490778
6719,0.04794477546072736
6720,0.8032848826509069
6721,0.02060242999619334
6722,0.02060242999619334
6723,0.8890141411482385
6724,0.1066787335490778
6725,0.43486450288951034
6726,0.07624984628137417
6727,0.37270368713685653
6728,0.7942864952485323
6729,0.1362727798220413
6730,0.02060242999619334
6731,0.4053564827441799
6732,0.02060242999619334
6733,0.04233080837338106
6734,0.03738794649511523
6735,0.0742721881457255
6736,0.041802293892931455
6737,0.03109993127516028
6738,0.044064603033424805
6739,0.2918030076674251
6740,0.0174159879896179
6741,0.16536673818009964
6742,0.02060242999619334
6743,0.044064603033424805
6744,0.03216709979524654
6745,0.11654544535598281
6746,0.02060242999619334
6747,0.03661822675442633
6748,0.044064603033424805
6749,0.11654544535598281
6750,0.8032848826509069
6751,0.0174159879896179
6752,0.1362391265347858
6753,0.733706595534515
6754,0.06357703092813624
6755,0.02060242999619334
6756,0.028977321404828126
6757,0.3219440003635798
6758,0.20441588330169383
6759,0.03738794649511523
6760,0.031144546099588045
6761,0.02168353146553297
6762,0.044064603033424805
6763,0.02060242999619334
6764,0.8032848826509069
6765,0.04581205010285046
6766,0.02060242999619334
6767,0.02060242999619334
6768,0.09696124412079235
6769,0.06261696079770447
6770,0.48195797419618447
6771,0.0174159879896179
6772,0.028977321404828126
6773,0.02060242999619334
6774,0.02060242999619334
6775,0.6058127960315892
6776,0.03169397745603509
6777,0.017670996970890425
6778,0.028977321404828126
6779,0.04981864372401556
6780,0.8002031004360254
6781,0.1658001481069287
6782,0.05823911990812554
6783,0.02060242999619334
6784,0.0174159879896179
6785,0.09998950099855844
6786,0.02616547149236655
6787,0.7313324252373277
6788,0.16088121770559863
6789,0.02060242999619334
6790,0.04842043297746774
6791,0.02060242999619334
6792,0.0174159879896179
6793,0.17647057679756736
6794,0.017670996970890425
6795,0.12012469136238418
6796,0.02060242999619334
6797,0.10978895831272062
6798,0.11654544535598281
6799,0.10405808366098072
6800,0.12990758381674813
6801,0.11654544535598281
6802,0.04903902902184971
6803,0.021960689859649666
6804,0.02060242999619334
6805,0.019548757957462068
6806,0.02060242999619334
6807,0.8519513607276352
6808,0.8480940923741435
6809,0.030216651041773027
6810,0.7646693681203772
6811,0.02168353146553297
6812,0.15294157238451292
6813,0.02060242999619334
6814,0.03216709979524654
6815,0.044064603033424805
6816,0.656052932589755
6817,0.6383621108709284
6818,0.06391307033389715
6819,0.8065806897786962
6820,0.044064603033424805
6821,0.03738794649511523
6822,0.10552269422313186
6823,0.044064603033424805
6824,0.5388312543321137
6825,0.8706686614413485
6826,0.02060242999619334
6827,0.044064603033424805
6828,0.0174159879896179
6829,0.044064603033424805
6830,0.044064603033424805
6831,0.12012469136238418
6832,0.028977321404828126
6833,0.044064603033424805
6834,0.02060242999619334
6835,0.7984682156107944
6836,0.03216709979524654
6837,0.1406315893775357
6838,0.17342079146423367
6839,0.02060242999619334
6840,0.06355796916925674
6841,0.02060242999619334
6842,0.03738794649511523
6843,0.02060242999619334
6844,0.8520240618017015
6845,0.8706686614413485
6846,0.043732201426025005
6847,0.6402918439909151
6848,0.028977321404828126
6849,0.04581205010285046
6850,0.0809717415970906
6851,0.02060242999619334
6852,0.8581248202024258
6853,0.02168353146553297
6854,0.02060242999619334
6855,0.044064603033424805
6856,0.02168353146553297
6857,0.044064603033424805
6858,0.02060242999619334
6859,0.8032848826509069
6860,0.7942864952485323
6861,0.03216709979524654
6862,0.044064603033424805
6863,0.0853676170151393
6864,0.28271518915362676
6865,0.03216709979524654
6866,0.7313324252373277
6867,0.1878295553451407
6868,0.044064603033424805
6869,0.23141693745932435
6870,0.25342353576845134
6871,0.02060242999619334
6872,0.0914221291736458
6873,0.13234333026074527
6874,0.20441588330169383
6875,0.02168353146553297
6876,0.02060242999619334
6877,0.028977321404828126
6878,0.16670613836656545
6879,0.025704578114166703
6880,0.0174159879896179
6881,0.02060242999619334
6882,0.02060242999619334
6883,0.02060242999619334
6884,0.02168353146553297
6885,0.8772790029517704
6886,0.071444975709854
6887,0.06668193817168662
6888,0.12012469136238418
6889,0.10978895831272062
6890,0.028977321404828126
6891,0.22358769198431758
6892,0.02060242999619334
6893,0.43760599230156205
6894,0.017670996970890425
6895,0.044064603033424805
6896,0.02488453723015863
6897,0.07082460919944822
6898,0.23585231894976993
6899,0.02060242999619334
6900,0.02044346003035218
6901,0.02060242999619334
6902,0.028977321404828126
6903,0.14721261343190065
6904,0.827494884965102
6905,0.02060242999619334
6906,0.0174159879896179
6907,0.044064603033424805
6908,0.028977321404828126
6909,0.1066787335490778
6910,0.0174159879896179
6911,0.04233080837338106
6912,0.02060242999619334
6913,0.1066787335490778
6914,0.0174159879896179
6915,0.044064603033424805
6916,0.02060242999619334
6917,0.018333012511197965
6918,0.17647057679756736
6919,0.04018509681506181
6920,0.2804093081743212
6921,0.9576798735453254
6922,0.044064603033424805
6923,0.02452802938259543
6924,0.11654544535598281
6925,0.8039216550126913
6926,0.0174159879896179
6927,0.15197781646339534
6928,0.02060242999619334
6929,0.03216709979524654
6930,0.02060242999619334
6931,0.02060242999619334
6932,0.03738794649511523
6933,0.02060242999619334
6934,0.8552459962714782
6935,0.20451778520708055
6936,0.02060242999619334
6937,0.028977321404828126
6938,0.12047563327993832
6939,0.05260721220722904
6940,0.8581248202024258
6941,0.1990942132012002
6942,0.02060242999619334
6943,0.4237747669460671
6944,0.044064603033424805
6945,0.02060242999619334
6946,0.23511563408912367
6947,0.028977321404828126
6948,0.017670996970890425
6949,0.025704578114166703
6950,0.29046478304235557
6951,0.46926939736954726
6952,0.044064603033424805
6953,0.5206776947538441
6954,0.044064603033424805
6955,0.24894295916359777
6956,0.7646693681203772
6957,0.028919168062699892
6958,0.017670996970890425
6959,0.0174159879896179
6960,0.31064604039615257
6961,0.02060242999619334
6962,0.010030477396151325
6963,0.1853643859688653
6964,0.02060242999619334
6965,0.03502872480436893
6966,0.17647057679756736
6967,0.8032848826509069
6968,0.1953099933712984
6969,0.025704578114166703
6970,0.009347612249777138
6971,0.02168353146553297
6972,0.6526134457012784
6973,0.0320767189530755
6974,0.02060242999619334
6975,0.07624984628137417
6976,0.12012469136238418
6977,0.02168353146553297
6978,0.0174159879896179
6979,0.028977321404828126
6980,0.02060242999619334
6981,0.02060242999619334
6982,0.3171780437421807
6983,0.02060242999619334
6984,0.022784466777683966
6985,0.1525124573108862
6986,0.10978895831272062
6987,0.02060242999619334
6988,0.02638945048649087
6989,0.06666637031421588
6990,0.8039216550126913
6991,0.10405808366098072
6992,0.02060242999619334
6993,0.044064603033424805
6994,0.1066787335490778
6995,0.028977321404828126
6996,0.06666637031421588
6997,0.021960689859649666
6998,0.028977321404828126
6999,0.02060242999619334
7000,0.021566228540375938
7001,0.030320775134604443
7002,0.8517234949158847
7003,0.9101715116148511
7004,0.1280156979401261
7005,0.8368930173384442
7006,0.021566228540375938
7007,0.019473235126363432
7008,0.030320775134604443
7009,0.8605942762128045
7010,0.018233497307053235
7011,0.04607434718923083
7012,0.8560218490872827
7013,0.021566228540375938
7014,0.22633520156131637
7015,0.021566228540375938
7016,0.6692592470473201
7017,0.04607434718923083
7018,0.18336088844759574
7019,0.1214410080689281
7020,0.14554717419468183
7021,0.5213637684652968
7022,0.8608710068396445
7023,0.9303932190732694
7024,0.892373084139265
7025,0.021566228540375938
7026,0.8565184025693082
7027,0.02269673279198982
7028,0.019473235126363432
7029,0.018233497307053235
7030,0.5323203969058723
7031,0.018500251075335247
7032,0.18336088844759574
7033,0.021566228540375938
7034,0.18753839120887245
7035,0.17647057679756736
7036,0.044064603033424805
7037,0.8836840496747718
7038,0.0777325418296283
7039,0.02060242999619334
7040,0.044064603033424805
7041,0.02060242999619334
7042,0.02060242999619334
7043,0.16812818190670578
7044,0.12502756920339364
7045,0.06259884785745799
7046,0.0174159879896179
7047,0.9057382560753909
7048,0.7313324252373277
7049,0.058833595370036545
7050,0.018333012511197965
7051,0.028977321404828126
7052,0.13983450818070814
7053,0.044064603033424805
7054,0.02060242999619334
7055,0.02724177703556854
7056,0.4232984017360698
7057,0.17647057679756736
7058,0.17647057679756736
7059,0.028977321404828126
7060,0.02060242999619334
7061,0.7984682156107944
7062,0.028977321404828126
7063,0.02060242999619334
7064,0.16088121770559863
7065,0.044064603033424805
7066,0.1066787335490778
7067,0.044064603033424805
7068,0.017670996970890425
7069,0.02168353146553297
7070,0.1933686741441634
7071,0.17647057679756736
7072,0.8706686614413485
7073,0.3362009859184629
7074,0.12186704831197692
7075,0.04730523978645606
7076,0.044064603033424805
7077,0.02060242999619334
7078,0.1953099933712984
7079,0.17647057679756736
7080,0.02168353146553297
7081,0.17708817239795308
7082,0.07624984628137417
7083,0.02168353146553297
7084,0.8039216550126913
7085,0.017670996970890425
7086,0.02168353146553297
7087,0.8480940923741435
7088,0.03216709979524654
7089,0.8641538593968332
7090,0.02060242999619334
7091,0.0174159879896179
7092,0.03216709979524654
7093,0.03216709979524654
7094,0.044064603033424805
7095,0.6333407316511301
7096,0.02215758625463024
7097,0.8002031004360254
7098,0.028977321404828126
7099,0.0174159879896179
7100,0.02060242999619334
7101,0.02060242999619334
7102,0.02060242999619334
7103,0.17647057679756736
7104,0.10978895831272062
7105,0.02060242999619334
7106,0.1406315893775357
7107,0.044064603033424805
7108,0.10405808366098072
7109,0.04581205010285046
7110,0.028977321404828126
7111,0.08440515205468065
7112,0.19334088581809017
7113,0.04158220807577955
7114,0.02060242999619334
7115,0.02060242999619334
7116,0.26547348726555314
7117,0.02845785382384523
7118,0.1066787335490778
7119,0.02060242999619334
7120,0.8836840496747718
7121,0.339093672087314
7122,0.044064603033424805
7123,0.1066787335490778
7124,0.16442282847684148
7125,0.02060242999619334
7126,0.35207644926127707
7127,0.029302956683042232
7128,0.0174159879896179
7129,0.02060242999619334
7130,0.028977321404828126
7131,0.8706686614413485
7132,0.17176432791819057
7133,0.04230872374142415
7134,0.22725571251133977
7135,0.12658495681317497
7136,0.11654544535598281
7137,0.028977321404828126
7138,0.19089035379158623
7139,0.11305046289449681
7140,0.1286014267422701
7141,0.7706512375134495
7142,0.02060242999619334
7143,0.06391307033389715
7144,0.028977321404828126
7145,0.7313324252373277
7146,0.028977321404828126
7147,0.0174159879896179
7148,0.8002031004360254
7149,0.02168353146553297
7150,0.17647057679756736
7151,0.5393611032577291
7152,0.1066787335490778
7153,0.17647057679756736
7154,0.032968649673877054
7155,0.08298562039752617
7156,0.02060242999619334
7157,0.08892533009501383
7158,0.1953099933712984
7159,0.017670996970890425
7160,0.11952641787332328
7161,0.028977321404828126
7162,0.18753839120887245
7163,0.03230611336398282
7164,0.3626379028814175
7165,0.02060242999619334
7166,0.028977321404828126
7167,0.0174159879896179
7168,0.02060242999619334
7169,0.2997651800904054
7170,0.02610847973492114
7171,0.044064603033424805
7172,0.02060242999619334
7173,0.030400435460444703
7174,0.044064603033424805
7175,0.1066787335490778
7176,0.13983450818070814
7177,0.10426627137528782
7178,0.7313324252373277
7179,0.028977321404828126
7180,0.7532551080070393
7181,0.5555152852384962
7182,0.10207485964339279
7183,0.0174159879896179
7184,0.02060242999619334
7185,0.8032848826509069
7186,0.17647057679756736
7187,0.02060242999619334
7188,0.464276939333353
7189,0.02060242999619334
7190,0.02215758625463024
7191,0.11727019115080926
7192,0.02845785382384523
7193,0.017670996970890425
7194,0.17647057679756736
7195,0.02060242999619334
7196,0.10405808366098072
7197,0.03216709979524654
7198,0.11654544535598281
7199,0.02060242999619334
7200,0.02060242999619334
7201,0.03216709979524654
7202,0.1066787335490778
7203,0.09998950099855844
7204,0.02060242999619334
7205,0.02060242999619334
7206,0.05251755969303857
7207,0.030216651041773027
7208,0.4648292806588641
7209,0.02060242999619334
7210,0.17127355531193397
7211,0.028977321404828126
7212,0.15839406644422446
7213,0.10552269422313186
7214,0.1066787335490778
7215,0.0174159879896179
7216,0.028977321404828126
7217,0.8125955814338304
7218,0.8210039994001366
7219,0.02060242999619334
7220,0.17647057679756736
7221,0.028977321404828126
7222,0.044064603033424805
7223,0.028977321404828126
7224,0.025704578114166703
7225,0.669004305508869
7226,0.028977321404828126
7227,0.028977321404828126
7228,0.044064603033424805
7229,0.80804814663168
7230,0.20290428898429683
7231,0.0174159879896179
7232,0.26957988933943816
7233,0.2603346252328199
7234,0.3945367773611586
7235,0.028977321404828126
7236,0.03303134461829035
7237,0.06426241692668935
7238,0.8081035696097842
7239,0.02060242999619334
7240,0.02060242999619334
7241,0.02060242999619334
7242,0.8242024750388711
7243,0.13983450818070814
7244,0.02060242999619334
7245,0.07624984628137417
7246,0.028977321404828126
7247,0.02168353146553297
7248,0.8363758551156654
7249,0.01601456561871441
7250,0.17647057679756736
7251,0.06261696079770447
7252,0.02060242999619334
7253,0.017670996970890425
7254,0.20441588330169383
7255,0.18753839120887245
7256,0.2662026153303508
7257,0.0174159879896179
7258,0.8926025438021684
7259,0.028977321404828126
7260,0.02060242999619334
7261,0.044064603033424805
7262,0.17647057679756736
7263,0.1066787335490778
7264,0.17647057679756736
7265,0.17647057679756736
7266,0.17647057679756736
7267,0.0174159879896179
7268,0.2232882613363438
7269,0.036770701720334226
7270,0.07710559557844121
7271,0.06391307033389715
7272,0.0688129711505817
7273,0.18889981750676518
7274,0.20441588330169383
7275,0.07082460919944822
7276,0.02060242999619334
7277,0.07624984628137417
7278,0.02060242999619334
7279,0.1066787335490778
7280,0.02060242999619334
7281,0.03216709979524654
7282,0.18753839120887245
7283,0.0174159879896179
7284,0.028977321404828126
7285,0.028977321404828126
7286,0.044064603033424805
7287,0.025704578114166703
7288,0.28749389121660796
7289,0.017670996970890425
7290,0.8501919087588298
7291,0.20441588330169383
7292,0.02060242999619334
7293,0.044064603033424805
7294,0.10405808366098072
7295,0.09773674799193277
7296,0.02168353146553297
7297,0.044064603033424805
7298,0.17647057679756736
7299,0.10405808366098072
7300,0.028977321404828126
7301,0.05823911990812554
7302,0.1066787335490778
7303,0.028977321404828126
7304,0.08522689750907005
7305,0.02060242999619334
7306,0.02060242999619334
7307,0.8092867148398596
7308,0.04581205010285046
7309,0.02060242999619334
7310,0.02060242999619334
7311,0.1066787335490778
7312,0.2520764584822219
7313,0.05826983325079917
7314,0.7646693681203772
7315,0.02060242999619334
7316,0.38394895202411367
7317,0.044064603033424805
7318,0.04691949122667324
7319,0.13983450818070814
7320,0.028977321404828126
7321,0.02060242999619334
7322,0.02060242999619334
7323,0.025704578114166703
7324,0.028977321404828126
7325,0.02060242999619334
7326,0.028977321404828126
7327,0.017342495639646658
7328,0.023003988479661536
7329,0.02060242999619334
7330,0.1066787335490778
7331,0.02060242999619334
7332,0.04691949122667324
7333,0.044064603033424805
7334,0.044064603033424805
7335,0.02060242999619334
7336,0.02060242999619334
7337,0.17647057679756736
7338,0.06355796916925674
7339,0.02168353146553297
7340,0.02060242999619334
7341,0.03216709979524654
7342,0.17647057679756736
7343,0.03216709979524654
7344,0.4926603066395989
7345,0.022784466777683966
7346,0.04060745112678669
7347,0.04705945544857474
7348,0.02452802938259543
7349,0.8002031004360254
7350,0.1853643859688653
7351,0.044064603033424805
7352,0.02168353146553297
7353,0.02060242999619334
7354,0.07624984628137417
7355,0.7313324252373277
7356,0.044064603033424805
7357,0.7178357896567545
7358,0.030979997610408625
7359,0.06391307033389715
7360,0.02060242999619334
7361,0.017670996970890425
7362,0.028977321404828126
7363,0.028977321404828126
7364,0.02060242999619334
7365,0.044064603033424805
7366,0.02060242999619334
7367,0.044064603033424805
7368,0.02060242999619334
7369,0.02060242999619334
7370,0.023318350768388944
7371,0.0174159879896179
7372,0.02060242999619334
7373,0.04521339678933545
7374,0.03216709979524654
7375,0.45597134769105574
7376,0.4742924744846258
7377,0.1066787335490778
7378,0.02745554886522513
7379,0.07624984628137417
7380,0.09998950099855844
7381,0.024057387780469272
7382,0.5393611032577291
7383,0.02650053768547597
7384,0.044064603033424805
7385,0.0174159879896179
7386,0.09881691269407651
7387,0.23327984838144866
7388,0.044064603033424805
7389,0.024242221921379294
7390,0.2603346252328199
7391,0.02060242999619334
7392,0.02060242999619334
7393,0.07624984628137417
7394,0.06666637031421588
7395,0.03496426507729357
7396,0.10978895831272062
7397,0.17647057679756736
7398,0.02060242999619334
7399,0.02060242999619334
7400,0.044064603033424805
7401,0.11654544535598281
7402,0.044064603033424805
7403,0.12635395933072996
7404,0.17647057679756736
7405,0.12433174817562166
7406,0.02060242999619334
7407,0.02060242999619334
7408,0.04763103747432639
7409,0.02060242999619334
7410,0.044064603033424805
7411,0.827494884965102
7412,0.21737231765699996
7413,0.06328400751769779
7414,0.02060242999619334
7415,0.7706512375134495
7416,0.19216945709489325
7417,0.029302956683042232
7418,0.02060242999619334
7419,0.030341294229540506
7420,0.0174159879896179
7421,0.02060242999619334
7422,0.02060242999619334
7423,0.02060242999619334
7424,0.044064603033424805
7425,0.02060242999619334
7426,0.02060242999619334
7427,0.2665876787188174
7428,0.02060242999619334
7429,0.27706633838060774
7430,0.24894295916359777
7431,0.02060242999619334
7432,0.02044346003035218
7433,0.13983450818070814
7434,0.028977321404828126
7435,0.02060242999619334
7436,0.07624984628137417
7437,0.8012686452225911
7438,0.17647057679756736
7439,0.1406315893775357
7440,0.02060242999619334
7441,0.05345878420184471
7442,0.028977321404828126
7443,0.15701421360147588
7444,0.02168353146553297
7445,0.044064603033424805
7446,0.02060242999619334
7447,0.20441588330169383
7448,0.04233080837338106
7449,0.044064603033424805
7450,0.028977321404828126
7451,0.02060242999619334
7452,0.02060242999619334
7453,0.044064603033424805
7454,0.17647057679756736
7455,0.17647057679756736
7456,0.02060242999619334
7457,0.02060242999619334
7458,0.02168353146553297
7459,0.22487770385950062
7460,0.02060242999619334
7461,0.04233080837338106
7462,0.028977321404828126
7463,0.20246446840921553
7464,0.02060242999619334
7465,0.02060242999619334
7466,0.02060242999619334
7467,0.024369678443545453
7468,0.16033503312994604
7469,0.03146240049346583
7470,0.813184204117785
7471,0.4968486326017754
7472,0.044064603033424805
7473,0.02060242999619334
7474,0.8706686614413485
7475,0.20213951142195416
7476,0.02060242999619334
7477,0.0174159879896179
7478,0.023839367605280305
7479,0.02060242999619334
7480,0.11654544535598281
7481,0.02060242999619334
7482,0.02060242999619334
7483,0.10978895831272062
7484,0.044064603033424805
7485,0.17647057679756736
7486,0.02060242999619334
7487,0.10405808366098072
7488,0.044064603033424805
7489,0.06299150487996523
7490,0.17647057679756736
7491,0.021960689859649666
7492,0.02060242999619334
7493,0.02060242999619334
7494,0.02269673279198982
7495,0.8565184025693082
7496,0.18336088844759574
7497,0.03664214821169343
7498,0.20434544236751487
7499,0.021566228540375938
7500,0.16173365163258815
7501,0.030320775134604443
7502,0.8813978585277801
7503,0.911117946459925
7504,0.021566228540375938
7505,0.030320775134604443
7506,0.030320775134604443
7507,0.5792093908468711
7508,0.030320775134604443
7509,0.16439225631591303
7510,0.021566228540375938
7511,0.03422274072095061
7512,0.02269673279198982
7513,0.8255099458587668
7514,0.07960528624434346
7515,0.021566228540375938
7516,0.031833119265199064
7517,0.021566228540375938
7518,0.021566228540375938
7519,0.8067958482375354
7520,0.552983450574343
7521,0.3602207024245839
7522,0.1108138437414061
7523,0.031144546099588045
7524,0.17647057679756736
7525,0.028977321404828126
7526,0.10552269422313186
7527,0.8836840496747718
7528,0.028977321404828126
7529,0.17647057679756736
7530,0.025704578114166703
7531,0.1534251418653696
7532,0.1534251418653696
7533,0.8140010029974702
7534,0.8039216550126913
7535,0.8356431601132055
7536,0.8147889428599899
7537,0.15126744014109955
7538,0.8706686614413485
7539,0.17040889236373552
7540,0.06391307033389715
7541,0.7654011165708675
7542,0.7318260587019648
7543,0.02060242999619334
7544,0.9146664973129003
7545,0.02060242999619334
7546,0.025704578114166703
7547,0.03738794649511523
7548,0.02060242999619334
7549,0.08232595054551373
7550,0.02060242999619334
7551,0.028977321404828126
7552,0.02168353146553297
7553,0.02060242999619334
7554,0.02060242999619334
7555,0.8032848826509069
7556,0.02452802938259543
7557,0.20441588330169383
7558,0.8557478910297005
7559,0.17647057679756736
7560,0.02060242999619334
7561,0.18530266920153549
7562,0.17647057679756736
7563,0.03216709979524654
7564,0.02060242999619334
7565,0.028977321404828126
7566,0.04581205010285046
7567,0.02060242999619334
7568,0.07624984628137417
7569,0.5222255904087715
7570,0.02060242999619334
7571,0.044064603033424805
7572,0.17647057679756736
7573,0.8304170419219852
7574,0.12600919758466966
7575,0.022125551327334816
7576,0.017670996970890425
7577,0.0174159879896179
7578,0.7463757999228392
7579,0.02060242999619334
7580,0.0393172729806754
7581,0.24894295916359777
7582,0.02060242999619334
7583,0.03468741177920699
7584,0.8002031004360254
7585,0.8706686614413485
7586,0.11654544535598281
7587,0.028977321404828126
7588,0.028977321404828126
7589,0.0174159879896179
7590,0.04233080837338106
7591,0.02060242999619334
7592,0.02168353146553297
7593,0.02060242999619334
7594,0.04794477546072736
7595,0.02060242999619334
7596,0.07624984628137417
7597,0.10978895831272062
7598,0.02060242999619334
7599,0.04581205010285046
7600,0.1853643859688653
7601,0.04158220807577955
7602,0.10405808366098072
7603,0.044064603033424805
7604,0.02060242999619334
7605,0.1066787335490778
7606,0.1066787335490778
7607,0.02060242999619334
7608,0.028977321404828126
7609,0.02845785382384523
7610,0.02060242999619334
7611,0.16402462411467605
7612,0.028977321404828126
7613,0.02060242999619334
7614,0.8836840496747718
7615,0.39215114488407277
7616,0.1060490386982511
7617,0.07624984628137417
7618,0.028977321404828126
7619,0.8039216550126913
7620,0.04018509681506181
7621,0.7627477310613567
7622,0.227757403680845
7623,0.028977321404828126
7624,0.02060242999619334
7625,0.5798229532043596
7626,0.02060242999619334
7627,0.4968486326017754
7628,0.11654544535598281
7629,0.03502872480436893
7630,0.018333012511197965
7631,0.0777325418296283
7632,0.02060242999619334
7633,0.044064603033424805
7634,0.1853643859688653
7635,0.8706686614413485
7636,0.7977840294865414
7637,0.20441588330169383
7638,0.0174159879896179
7639,0.6058127960315892
7640,0.02060242999619334
7641,0.02060242999619334
7642,0.02060242999619334
7643,0.03216709979524654
7644,0.06416751369032886
7645,0.02060242999619334
7646,0.7977840294865414
7647,0.0174159879896179
7648,0.02168353146553297
7649,0.8384896359600024
7650,0.041948757182095425
7651,0.03216709979524654
7652,0.03502872480436893
7653,0.03111032279809034
7654,0.04144072792623345
7655,0.03496426507729357
7656,0.02060242999619334
7657,0.02168353146553297
7658,0.03216709979524654
7659,0.017670996970890425
7660,0.028977321404828126
7661,0.02168353146553297
7662,0.028977321404828126
7663,0.028977321404828126
7664,0.02060242999619334
7665,0.017670996970890425
7666,0.02060242999619334
7667,0.044064603033424805
7668,0.028977321404828126
7669,0.021746542020571087
7670,0.10978895831272062
7671,0.1525124573108862
7672,0.26163215986189803
7673,0.7414736024060563
7674,0.04581205010285046
7675,0.044064603033424805
7676,0.7105230444898694
7677,0.02060242999619334
7678,0.0174159879896179
7679,0.02168353146553297
7680,0.07624984628137417
7681,0.02060242999619334
7682,0.12012469136238418
7683,0.02060242999619334
7684,0.13983450818070814
7685,0.02060242999619334
7686,0.02060242999619334
7687,0.02845785382384523
7688,0.10978895831272062
7689,0.17647057679756736
7690,0.02060242999619334
7691,0.10405808366098072
7692,0.1066787335490778
7693,0.044064603033424805
7694,0.1442809528747743
7695,0.02060242999619334
7696,0.02060242999619334
7697,0.02060242999619334
7698,0.1953099933712984
7699,0.1066787335490778
7700,0.044064603033424805
7701,0.044064603033424805
7702,0.044064603033424805
7703,0.02168353146553297
7704,0.02060242999619334
7705,0.8617534779615864
7706,0.02998576825245606
7707,0.9956861954864901
7708,0.10699889642980094
7709,0.02168353146553297
7710,0.02060242999619334
7711,0.07624984628137417
7712,0.1853643859688653
7713,0.02060242999619334
7714,0.21677501290877052
7715,0.0917885093066118
7716,0.02060242999619334
7717,0.7646693681203772
7718,0.02060242999619334
7719,0.01975159312494716
7720,0.028977321404828126
7721,0.0366913070681927
7722,0.03216709979524654
7723,0.0174159879896179
7724,0.09998950099855844
7725,0.7481402045753962
7726,0.02060242999619334
7727,0.17647057679756736
7728,0.04233080837338106
7729,0.02060242999619334
7730,0.02060242999619334
7731,0.09523838003406508
7732,0.047836810183429196
7733,0.030216651041773027
7734,0.8032848826509069
7735,0.02060242999619334
7736,0.028977321404828126
7737,0.02060242999619334
7738,0.02060242999619334
7739,0.02215758625463024
7740,0.02060242999619334
7741,0.028977321404828126
7742,0.7762047674511446
7743,0.8002031004360254
7744,0.04529358375062868
7745,0.028977321404828126
7746,0.40962999714423437
7747,0.030577150880904673
7748,0.17708817239795308
7749,0.02168353146553297
7750,0.05093197660363372
7751,0.02060242999619334
7752,0.02060242999619334
7753,0.0468126677900074
7754,0.028977321404828126
7755,0.18288742406355896
7756,0.02060242999619334
7757,0.030216651041773027
7758,0.02060242999619334
7759,0.8706686614413485
7760,0.028977321404828126
7761,0.11654544535598281
7762,0.028977321404828126
7763,0.02060242999619334
7764,0.02060242999619334
7765,0.02060242999619334
7766,0.15771487050936991
7767,0.02044346003035218
7768,0.16044921665609543
7769,0.02060242999619334
7770,0.02060242999619334
7771,0.044064603033424805
7772,0.02060242999619334
7773,0.044064603033424805
7774,0.030216651041773027
7775,0.041382138297185504
7776,0.030216651041773027
7777,0.8301661282802488
7778,0.030216651041773027
7779,0.044064603033424805
7780,0.02060242999619334
7781,0.17647057679756736
7782,0.02060242999619334
7783,0.02060242999619334
7784,0.02060242999619334
7785,0.017670996970890425
7786,0.07624984628137417
7787,0.0447650092090883
7788,0.02168353146553297
7789,0.7414736024060563
7790,0.06261696079770447
7791,0.6200529166021909
7792,0.017670996970890425
7793,0.15294157238451292
7794,0.17647057679756736
7795,0.02168353146553297
7796,0.17647057679756736
7797,0.02060242999619334
7798,0.8741248179276832
7799,0.02060242999619334
7800,0.06604166308994339
7801,0.02060242999619334
7802,0.044064603033424805
7803,0.03496426507729357
7804,0.17647057679756736
7805,0.0174159879896179
7806,0.058277596956898055
7807,0.02060242999619334
7808,0.02060242999619334
7809,0.1604340452337668
7810,0.02060242999619334
7811,0.49215338692342747
7812,0.12426163048649055
7813,0.10978895831272062
7814,0.255024654755714
7815,0.41786511278125543
7816,0.09998950099855844
7817,0.10405808366098072
7818,0.025704578114166703
7819,0.02060242999619334
7820,0.1066787335490778
7821,0.08298562039752617
7822,0.022125551327334816
7823,0.02060242999619334
7824,0.02060242999619334
7825,0.20812949741736983
7826,0.02168353146553297
7827,0.8484438284367459
7828,0.06666637031421588
7829,0.8338096060133756
7830,0.02060242999619334
7831,0.1066787335490778
7832,0.03216709979524654
7833,0.04013675104653284
7834,0.20441588330169383
7835,0.7646693681203772
7836,0.1853643859688653
7837,0.025704578114166703
7838,0.03216709979524654
7839,0.025704578114166703
7840,0.02060242999619334
7841,0.15029676446928406
7842,0.07624984628137417
7843,0.04060745112678669
7844,0.02060242999619334
7845,0.17647057679756736
7846,0.02060242999619334
7847,0.29994952895161336
7848,0.02452802938259543
7849,0.02060242999619334
7850,0.02060242999619334
7851,0.02060242999619334
7852,0.02060242999619334
7853,0.43379361167899255
7854,0.047708428752854165
7855,0.8002031004360254
7856,0.8139442736564263
7857,0.20726200084334068
7858,0.028977321404828126
7859,0.02060242999619334
7860,0.020612843789215286
7861,0.02168353146553297
7862,0.02060242999619334
7863,0.02060242999619334
7864,0.890287129729319
7865,0.1534251418653696
7866,0.02060242999619334
7867,0.044064603033424805
7868,0.028977321404828126
7869,0.6058127960315892
7870,0.12940106282514144
7871,0.044064603033424805
7872,0.02060242999619334
7873,0.17647057679756736
7874,0.7942864952485323
7875,0.02060242999619334
7876,0.044064603033424805
7877,0.02060242999619334
7878,0.5068527248084855
7879,0.025704578114166703
7880,0.044064603033424805
7881,0.8032848826509069
7882,0.03738794649511523
7883,0.028977321404828126
7884,0.02215758625463024
7885,0.017670996970890425
7886,0.16947237483416458
7887,0.14445537889913154
7888,0.17647057679756736
7889,0.8083951081600611
7890,0.02060242999619334
7891,0.7313324252373277
7892,0.28812412961316464
7893,0.04581205010285046
7894,0.0174159879896179
7895,0.0323228953464823
7896,0.028977321404828126
7897,0.6436161848068441
7898,0.06666637031421588
7899,0.02060242999619334
7900,0.02060242999619334
7901,0.036716962714582906
7902,0.028977321404828126
7903,0.02060242999619334
7904,0.03502872480436893
7905,0.02060242999619334
7906,0.10978895831272062
7907,0.1066787335490778
7908,0.2520764584822219
7909,0.017670996970890425
7910,0.028977321404828126
7911,0.10405808366098072
7912,0.028977321404828126
7913,0.044064603033424805
7914,0.031680342174221596
7915,0.02060242999619334
7916,0.02060242999619334
7917,0.11275003572470252
7918,0.03587433522148719
7919,0.020112074141394876
7920,0.02060242999619334
7921,0.044064603033424805
7922,0.02845785382384523
7923,0.8667536761508697
7924,0.568460544307431
7925,0.1066787335490778
7926,0.02638945048649087
7927,0.2804217030712217
7928,0.2974387010627454
7929,0.02060242999619334
7930,0.8012686452225911
7931,0.15197781646339534
7932,0.9081277916306617
7933,0.028977321404828126
7934,0.044064603033424805
7935,0.02060242999619334
7936,0.028977321404828126
7937,0.044064603033424805
7938,0.8786279054488496
7939,0.6360597080874839
7940,0.02060242999619334
7941,0.024502060617046083
7942,0.02060242999619334
7943,0.02060242999619334
7944,0.02060242999619334
7945,0.02060242999619334
7946,0.0551106458710227
7947,0.02060242999619334
7948,0.030216651041773027
7949,0.028977321404828126
7950,0.02060242999619334
7951,0.02060242999619334
7952,0.02458296510472774
7953,0.030216651041773027
7954,0.02044346003035218
7955,0.04065158836286384
7956,0.02060242999619334
7957,0.02060242999619334
7958,0.12012469136238418
7959,0.8094577799403426
7960,0.1492167181303472
7961,0.1253966874236527
7962,0.044064603033424805
7963,0.028977321404828126
7964,0.044064603033424805
7965,0.018333012511197965
7966,0.02060242999619334
7967,0.028111153523594994
7968,0.02060242999619334
7969,0.7762390337213909
7970,0.017342495639646658
7971,0.17376364473130895
7972,0.028977321404828126
7973,0.044064603033424805
7974,0.02060242999619334
7975,0.017670996970890425
7976,0.053093081194109853
7977,0.02060242999619334
7978,0.25461860692455557
7979,0.578053346285637
7980,0.02060242999619334
7981,0.028977321404828126
7982,0.02060242999619334
7983,0.8032848826509069
7984,0.31064604039615257
7985,0.02060242999619334
7986,0.7313324252373277
7987,0.045937553781050355
7988,0.04811495755289135
7989,0.7942864952485323
7990,0.028977321404828126
7991,0.1362727798220413
7992,0.02060242999619334
7993,0.02215758625463024
7994,0.0174159879896179
7995,0.02060242999619334
7996,0.02060242999619334
7997,0.02168353146553297
7998,0.02060242999619334
7999,0.017670996970890425
8000,0.02060242999619334
8001,0.028977321404828126
8002,0.10978895831272062
8003,0.1066787335490778
8004,0.15043935172353162
8005,0.10405808366098072
8006,0.044064603033424805
8007,0.07346510225834955
8008,0.02060242999619334
8009,0.02060242999619334
8010,0.1066787335490778
8011,0.09998950099855844
8012,0.02060242999619334
8013,0.14554717419468183
8014,0.18054617419955057
8015,0.02269673279198982
8016,0.8565184025693082
8017,0.8057938577356963
8018,0.8517234949158847
8019,0.8186101092274735
8020,0.18336088844759574
8021,0.8966310483331864
8022,0.018233497307053235
8023,0.029777962434040763
8024,0.026900503576601228
8025,0.21299516047031405
8026,0.8565184025693082
8027,0.14554717419468183
8028,0.8248212487282207
8029,0.04038287241702743
8030,0.04449097646340064
8031,0.019473235126363432
8032,0.02269673279198982
8033,0.021566228540375938
8034,0.018761555848357522
8035,0.018233497307053235
8036,0.6363876504740495
8037,0.19753529999261318
8038,0.018500251075335247
8039,0.8179702275936181
8040,0.02060242999619334
8041,0.20441588330169383
8042,0.18670678736997232
8043,0.7544585519108234
8044,0.7228075858409342
8045,0.02044346003035218
8046,0.1954176001406578
8047,0.02060242999619334
8048,0.1406315893775357
8049,0.028977321404828126
8050,0.022784466777683966
8051,0.028977321404828126
8052,0.02060242999619334
8053,0.1853643859688653
8054,0.020776744238630726
8055,0.8371637916733976
8056,0.017670996970890425
8057,0.5970633122228447
8058,0.14134098459128816
8059,0.02060242999619334
8060,0.0199456809341132
8061,0.07594562627731449
8062,0.06391307033389715
8063,0.44451522464329746
8064,0.044064603033424805
8065,0.022784466777683966
8066,0.7820706928784001
8067,0.023401941329874033
8068,0.17647057679756736
8069,0.027446425859405373
8070,0.8504278038439836
8071,0.09123623146135636
8072,0.1066787335490778
8073,0.04084251595000777
8074,0.860754245495277
8075,0.028977321404828126
8076,0.1406315893775357
8077,0.02060242999619334
8078,0.0174159879896179
8079,0.5826190913124185
8080,0.030216651041773027
8081,0.028977321404828126
8082,0.0174159879896179
8083,0.03216709979524654
8084,0.02060242999619334
8085,0.02060242999619334
8086,0.044064603033424805
8087,0.9384763809549463
8088,0.17748147598031436
8089,0.017670996970890425
8090,0.10978895831272062
8091,0.047836810183429196
8092,0.028977321404828126
8093,0.1853643859688653
8094,0.044064603033424805
8095,0.02060242999619334
8096,0.02060242999619334
8097,0.11654544535598281
8098,0.11305669399100525
8099,0.03216709979524654
8100,0.02060242999619334
8101,0.02060242999619334
8102,0.34695684653574926
8103,0.028977321404828126
8104,0.747375516788703
8105,0.8115716703674626
8106,0.09998950099855844
8107,0.7646693681203772
8108,0.1900758763053271
8109,0.02060242999619334
8110,0.04018509681506181
8111,0.32813674640934914
8112,0.7414736024060563
8113,0.028977321404828126
8114,0.20441588330169383
8115,0.028977321404828126
8116,0.10699889642980094
8117,0.025704578114166703
8118,0.044064603033424805
8119,0.044064603033424805
8120,0.017670996970890425
8121,0.0485620112261471
8122,0.8092867148398596
8123,0.4766050893279764
8124,0.02168353146553297
8125,0.9003144432892716
8126,0.09029807463612484
8127,0.7313324252373277
8128,0.36752078864156723
8129,0.02060242999619334
8130,0.02724177703556854
8131,0.02060242999619334
8132,0.841615396524253
8133,0.17647057679756736
8134,0.044064603033424805
8135,0.0174159879896179
8136,0.7490146002274863
8137,0.5393611032577291
8138,0.17647057679756736
8139,0.7313324252373277
8140,0.02168353146553297
8141,0.0174159879896179
8142,0.10510071012451307
8143,0.441784688602079
8144,0.02060242999619334
8145,0.12012469136238418
8146,0.02060242999619334
8147,0.10978895831272062
8148,0.028977321404828126
8149,0.02060242999619334
8150,0.02168353146553297
8151,0.017670996970890425
8152,0.11654544535598281
8153,0.044064603033424805
8154,0.044064603033424805
8155,0.029573426307967374
8156,0.032805923790829514
8157,0.02060242999619334
8158,0.07313531626947585
8159,0.02845785382384523
8160,0.02060242999619334
8161,0.02060242999619334
8162,0.8928089462904198
8163,0.08942498081725053
8164,0.02060242999619334
8165,0.028977321404828126
8166,0.17647057679756736
8167,0.028977321404828126
8168,0.978438103096911
8169,0.03496426507729357
8170,0.17127355531193397
8171,0.044064603033424805
8172,0.02060242999619334
8173,0.03216709979524654
8174,0.02060242999619334
8175,0.17647057679756736
8176,0.8002031004360254
8177,0.025704578114166703
8178,0.02060242999619334
8179,0.17647057679756736
8180,0.025704578114166703
8181,0.1406315893775357
8182,0.0174159879896179
8183,0.3147262300399305
8184,0.07051174917101508
8185,0.0158437754294481
8186,0.02060242999619334
8187,0.6058127960315892
8188,0.02060242999619334
8189,0.027492527532973227
8190,0.17647057679756736
8191,0.23199026576825524
8192,0.10405808366098072
8193,0.044064603033424805
8194,0.26957988933943816
8195,0.8914636622353961
8196,0.8446268595685744
8197,0.1138258340860883
8198,0.7646693681203772
8199,0.4788622283566799
8200,0.13983450818070814
8201,0.2254220262734417
8202,0.017670996970890425
8203,0.20286174837521112
8204,0.017670996970890425
8205,0.017670996970890425
8206,0.0174159879896179
8207,0.02365224774997855
8208,0.02060242999619334
8209,0.07313531626947585
8210,0.044064603033424805
8211,0.04794477546072736
8212,0.4968486326017754
8213,0.02060242999619334
8214,0.8480940923741435
8215,0.7793224710380543
8216,0.17647057679756736
8217,0.15197781646339534
8218,0.04018509681506181
8219,0.044064603033424805
8220,0.8032848826509069
8221,0.7984682156107944
8222,0.8706686614413485
8223,0.028977321404828126
8224,0.2603346252328199
8225,0.02168353146553297
8226,0.044064603033424805
8227,0.028977321404828126
8228,0.017670996970890425
8229,0.1525124573108862
8230,0.8002031004360254
8231,0.02438579972860413
8232,0.02168353146553297
8233,0.0174159879896179
8234,0.044064603033424805
8235,0.6636802349727214
8236,0.02168353146553297
8237,0.5393611032577291
8238,0.02060242999619334
8239,0.017670996970890425
8240,0.02060242999619334
8241,0.11654544535598281
8242,0.1406315893775357
8243,0.20451778520708055
8244,0.10405808366098072
8245,0.10552269422313186
8246,0.044064603033424805
8247,0.02845785382384523
8248,0.044064603033424805
8249,0.8255099458587668
8250,0.8915789024504636
8251,0.8536156976175875
8252,0.8255099458587668
8253,0.4764645372917988
8254,0.030320775134604443
8255,0.14554717419468183
8256,0.8536156976175875
8257,0.3207348869495571
8258,0.8549753451657262
8259,0.052076527390820346
8260,0.04257063463744806
8261,0.14883484799698354
8262,0.02269673279198982
8263,0.10427170230953149
8264,0.8883992538063717
8265,0.04789750027130324
8266,0.03365331346932962
8267,0.8067958482375354
8268,0.8560218490872827
8269,0.02540193129664781
8270,0.021566228540375938
8271,0.5323203969058723
8272,0.13060908514158978
8273,0.02845785382384523
8274,0.02060242999619334
8275,0.8836840496747718
8276,0.29764800130256297
8277,0.26463776416055373
8278,0.02060242999619334
8279,0.044064603033424805
8280,0.17647057679756736
8281,0.4448011816637437
8282,0.02060242999619334
8283,0.658861281466089
8284,0.650292061210148
8285,0.02168353146553297
8286,0.02168353146553297
8287,0.02060242999619334
8288,0.07624984628137417
8289,0.028977321404828126
8290,0.7414736024060563
8291,0.5393611032577291
8292,0.03966460581657411
8293,0.5564128535811846
8294,0.034564397288895564
8295,0.18889981750676518
8296,0.017670996970890425
8297,0.02060242999619334
8298,0.8089976441553177
8299,0.8115716703674626
8300,0.07624984628137417
8301,0.044064603033424805
8302,0.23387152474561762
8303,0.017670996970890425
8304,0.0174159879896179
8305,0.02060242999619334
8306,0.02215758625463024
8307,0.02060242999619334
8308,0.027461373699939815
8309,0.10978895831272062
8310,0.10405808366098072
8311,0.028977321404828126
8312,0.45597134769105574
8313,0.17647057679756736
8314,0.02060242999619334
8315,0.1152538686658716
8316,0.29160028495728896
8317,0.04018509681506181
8318,0.02060242999619334
8319,0.02060242999619334
8320,0.8174138318800547
8321,0.4258210235908862
8322,0.02060242999619334
8323,0.044064603033424805
8324,0.20451778520708055
8325,0.8002031004360254
8326,0.02060242999619334
8327,0.022827112131534356
8328,0.044064603033424805
8329,0.02060242999619334
8330,0.2614639866244238
8331,0.8002031004360254
8332,0.028919168062699892
8333,0.032805923790829514
8334,0.02060242999619334
8335,0.5359122878969304
8336,0.4258210235908862
8337,0.023003988479661536
8338,0.03216709979524654
8339,0.17647057679756736
8340,0.017670996970890425
8341,0.02060242999619334
8342,0.42870567490532746
8343,0.30251415354454597
8344,0.02060242999619334
8345,0.5393611032577291
8346,0.07355348497775252
8347,0.0174159879896179
8348,0.03855797886899002
8349,0.017670996970890425
8350,0.02060242999619334
8351,0.022351466987048423
8352,0.02488453723015863
8353,0.10978895831272062
8354,0.02060242999619334
8355,0.10405808366098072
8356,0.03642271051494241
8357,0.044064603033424805
8358,0.8304170419219852
8359,0.7942864952485323
8360,0.20441588330169383
8361,0.06195283968998074
8362,0.8702433451386655
8363,0.025704578114166703
8364,0.11654544535598281
8365,0.02060242999619334
8366,0.7984682156107944
8367,0.03216709979524654
8368,0.8775590871869884
8369,0.8549669025849572
8370,0.044064603033424805
8371,0.049180373099445174
8372,0.022351466987048423
8373,0.0874909349104023
8374,0.02168353146553297
8375,0.9376548489478944
8376,0.044064603033424805
8377,0.030216651041773027
8378,0.022694060329763434
8379,0.044064603033424805
8380,0.1534251418653696
8381,0.02060242999619334
8382,0.40086062320042765
8383,0.7942864952485323
8384,0.07510060643279655
8385,0.044064603033424805
8386,0.5626366450827561
8387,0.02060242999619334
8388,0.02168353146553297
8389,0.0174159879896179
8390,0.028977321404828126
8391,0.7347455522123877
8392,0.12223845879047066
8393,0.02060242999619334
8394,0.02060242999619334
8395,0.040383775006956855
8396,0.02488453723015863
8397,0.10978895831272062
8398,0.028977321404828126
8399,0.09542392506152625
8400,0.03109993127516028
8401,0.06666637031421588
8402,0.9219270664487142
